"2014-10-13 21:51:52.727903","69-2356_2014","Assigned to analyst"
"2014-10-13 22:49:11.310910","69-2356_2014","Response"
"2014-10-14 01:45:56.620880","69-2356_2014","Response"
"2014-10-14 03:51:16.773913","69-2356_2014","Response"
"2014-10-15 23:05:39.439356","69-2356_2014","Close"
"2014-10-16 07:44:05.591650","52-5924_2014","Assigned to analyst"
"2014-10-16 11:45:53.908522","52-5924_2014","Response"
"2014-10-18 22:47:33.191284","52-5924_2014","Response"
"2014-10-20 12:46:34.992261","72-2017_2014","Assigned to analyst"
"2014-10-20 19:25:24.737848","72-2017_2014","Response"
"2014-10-20 20:39:20.610813","52-5924_2014","Response"
"2014-10-22 11:53:07.174768","45-9467_2014","Assigned to analyst"
"2014-10-23 03:36:06.652821","52-5924_2014","Response"
"2014-10-23 07:49:10.816608","26-2943_2014","Assigned to analyst"
"2014-10-23 10:38:10.261689","26-2943_2014","Response"
"2014-10-23 11:06:08.825571","26-2943_2014","Response"
"2014-10-23 11:21:19.925318","26-2943_2014","Response"
"2014-10-23 14:02:17.145367","26-2943_2014","Response"
"2014-10-23 17:27:09.041679","26-2943_2014","Response"
"2014-10-23 18:58:29.442051","26-2943_2014","Response"
"2014-10-23 20:37:02.121264","26-2943_2014","Response"
"2014-10-23 23:44:12.007076","26-2943_2014","Response"
"2014-10-24 03:41:14.060433","45-9467_2014","Response"
"2014-10-24 03:57:05.456763","45-9467_2014","Response"
"2014-10-24 04:10:33.858743","26-2943_2014","Response"
"2014-10-24 06:56:12.945528","26-2943_2014","Response"
"2014-10-24 08:38:33.342328","26-2943_2014","Response"
"2014-10-25 15:39:59.071229","45-9467_2014","Response"
"2014-10-25 15:47:46.635633","52-5924_2014","Response"
"2014-10-27 09:13:39.654357","52-5924_2014","Response"
"2014-10-27 21:36:17.788953","99-5251_2014","Assigned to analyst"
"2014-10-27 23:38:14.477559","99-5251_2014","Response"
"2014-10-28 00:36:01.681739","99-5251_2014","Response"
"2014-10-28 04:41:52.409590","81-1748_2014","Assigned to analyst"
"2014-10-28 05:30:27.100129","81-1748_2014","Response"
"2014-10-28 06:23:05.954398","99-5251_2014","Response"
"2014-10-28 08:57:52.057475","81-1748_2014","Response"
"2014-10-28 08:58:21.650655","99-5251_2014","Response"
"2014-10-28 10:04:04.946379","99-5251_2014","Response"
"2014-10-28 23:59:32.936829","81-1748_2014","Close"
"2014-10-29 02:07:45.724426","52-5924_2014","Response"
"2014-10-29 09:51:36.958042","26-2943_2014","Close"
"2014-10-31 03:10:13.173447","38-9112_2014","Assigned to analyst"
"2014-10-31 09:36:48.430111","54-1576_2014","Assigned to analyst"
"2014-10-31 11:33:05.513918","99-5251_2014","Close"
"2014-11-01 14:55:26.407094","54-1576_2014","Response"
"2014-11-01 21:05:09.525359","72-2017_2014","Close"
"2014-11-02 11:18:21.749865","38-9112_2014","Response"
"2014-11-04 10:11:58.685098","45-9467_2014","Close"
"2014-11-04 19:10:57.374000","28-9807_2014","Assigned to analyst"
"2014-11-04 21:31:01.186020","38-9112_2014","Response"
"2014-11-05 13:26:10.076004","38-9112_2014","Response"
"2014-11-05 19:45:01.756674","28-9807_2014","Response"
"2014-11-06 07:45:52.712928","38-9112_2014","Response"
"2014-11-06 08:59:59.512832","33-495_2014","Assigned to analyst"
"2014-11-06 09:57:29.635427","28-9807_2014","Response"
"2014-11-06 23:30:52.856116","38-9112_2014","Response"
"2014-11-09 15:38:25.987971","33-495_2014","Response"
"2014-11-09 17:24:26.211439","28-9807_2014","Response"
"2014-11-11 05:33:49.258963","28-9807_2014","Response"
"2014-11-13 09:04:23.331126","33-495_2014","Response"
"2014-11-14 07:23:40.076832","33-495_2014","Response"
"2014-11-14 13:45:25.191465","54-1576_2014","Close"
"2014-11-15 00:38:07.345099","83-6100_2014","Assigned to analyst"
"2014-11-15 00:59:45.740824","65-7156_2014","Assigned to analyst"
"2014-11-15 01:00:48.912660","33-495_2014","Response"
"2014-11-15 17:30:48.127300","65-7156_2014","Response"
"2014-11-16 16:14:24.578314","83-6100_2014","Response"
"2014-11-18 00:39:05.722401","65-7156_2014","Response"
"2014-11-18 01:58:29.573540","83-6100_2014","Response"
"2014-11-18 15:41:39.725744","78-8779_2014","Assigned to analyst"
"2014-11-19 03:37:37.952908","60-7178_2014","Assigned to analyst"
"2014-11-19 04:15:08.469117","65-7156_2014","Response"
"2014-11-19 04:29:33.608078","33-495_2014","Response"
"2014-11-19 17:11:26.392280","78-8779_2014","Response"
"2014-11-19 22:40:24.796796","78-8779_2014","Response"
"2014-11-20 00:58:40.252019","60-7178_2014","Response"
"2014-11-20 09:35:45.448696","78-8779_2014","Response"
"2014-11-21 02:13:17.496178","33-495_2014","Response"
"2014-11-21 23:44:50.533855","78-8779_2014","Response"
"2014-11-22 01:09:03.716184","65-7156_2014","Response"
"2014-11-22 06:59:48.911443","83-6100_2014","Response"
"2014-11-22 12:12:43.065100","65-7156_2014","Response"
"2014-11-22 21:37:52.278801","83-6100_2014","Response"
"2014-11-23 05:53:58.702003","78-8779_2014","Response"
"2014-11-23 21:04:20.543880","60-7178_2014","Response"
"2014-11-24 15:22:23.875692","33-495_2014","Response"
"2014-11-24 21:12:17.508089","33-495_2014","Response"
"2014-11-24 23:45:17.721217","83-6100_2014","Response"
"2014-11-25 05:43:56.876429","60-7178_2014","Response"
"2014-11-25 20:58:16.707417","83-6100_2014","Response"
"2014-11-26 16:06:39.642457","60-7178_2014","Response"
"2014-11-27 17:05:43.709987","82-1985_2014","Assigned to analyst"
"2014-11-27 18:11:33.804762","83-6100_2014","Response"
"2014-11-28 00:46:21.544659","83-6100_2014","Response"
"2014-11-28 05:06:42.510433","60-7178_2014","Response"
"2014-11-28 14:32:52.133298","60-7178_2014","Response"
"2014-11-29 02:42:00.978633","83-6100_2014","Response"
"2014-11-29 03:07:30.936631","52-5924_2014","Close"
"2014-11-29 08:08:59.688396","82-1985_2014","Response"
"2014-11-29 13:51:43.318088","33-495_2014","Response"
"2014-11-29 15:29:22.473959","33-495_2014","Response"
"2014-11-30 01:37:16.780034","60-7178_2014","Response"
"2014-11-30 21:04:43.342443","82-1985_2014","Response"
"2014-12-01 01:43:25.739018","82-1985_2014","Response"
"2014-12-01 11:49:49.271839","77-7481_2014","Assigned to analyst"
"2014-12-02 04:30:30.631317","82-1985_2014","Response"
"2014-12-02 05:32:47.932856","13-1816_2014","Assigned to analyst"
"2014-12-02 11:13:26.759649","13-1816_2014","Response"
"2014-12-02 13:42:02.224677","13-1816_2014","Response"
"2014-12-02 16:18:48.297846","13-1816_2014","Response"
"2014-12-02 17:32:49.013217","13-1816_2014","Response"
"2014-12-02 19:50:42.996243","13-1816_2014","Response"
"2014-12-02 22:42:56.847949","13-1816_2014","Response"
"2014-12-03 01:12:15.213687","13-1816_2014","Response"
"2014-12-03 01:15:39.060145","60-7178_2014","Response"
"2014-12-03 05:40:46.636344","78-8779_2014","Close"
"2014-12-03 07:42:07.942454","13-1816_2014","Response"
"2014-12-03 13:08:01.888490","77-7481_2014","Response"
"2014-12-03 16:17:35.832017","82-1985_2014","Response"
"2014-12-03 21:50:35.391001","82-1985_2014","Response"
"2014-12-04 11:46:18.503174","77-7481_2014","Response"
"2014-12-04 17:37:45.866020","82-1985_2014","Response"
"2014-12-04 18:24:59.743929","77-7481_2014","Response"
"2014-12-04 20:25:04.147971","77-7481_2014","Response"
"2014-12-06 04:47:13.809937","13-1816_2014","Close"
"2014-12-06 06:00:30.848419","77-7481_2014","Response"
"2014-12-06 06:43:11.629893","82-1985_2014","Response"
"2014-12-06 10:22:01.117437","79-8774_2014","Assigned to analyst"
"2014-12-07 08:53:51.434039","82-1985_2014","Response"
"2014-12-07 14:04:46.330714","79-8774_2014","Response"
"2014-12-07 23:05:14.450989","77-7481_2014","Response"
"2014-12-08 13:31:26.092969","77-7481_2014","Response"
"2014-12-08 22:22:36.284866","82-1985_2014","Response"
"2014-12-09 00:43:06.177690","82-1985_2014","Response"
"2014-12-09 12:23:05.780111","83-6100_2014","Close"
"2014-12-10 15:50:43.328447","55-7731_2014","Assigned to analyst"
"2014-12-12 22:36:26.638119","40-6128_2014","Assigned to analyst"
"2014-12-13 12:32:21.279534","40-6128_2014","Response"
"2014-12-14 14:16:49.349235","40-6128_2014","Response"
"2014-12-14 16:51:04.740219","40-6128_2014","Response"
"2014-12-15 15:24:50.924139","40-6128_2014","Response"
"2014-12-15 16:19:26.718873","55-7731_2014","Response"
"2014-12-16 04:24:10.237129","55-7731_2014","Response"
"2014-12-16 12:05:41.811573","33-495_2014","Close"
"2014-12-16 21:48:24.363374","98-5259_2014","Assigned to analyst"
"2014-12-17 00:43:23.783555","98-5259_2014","Response"
"2014-12-17 01:42:42.223979","98-5259_2014","Response"
"2014-12-17 06:36:01.357221","76-9246_2014","Assigned to analyst"
"2014-12-17 18:13:00.301279","40-6128_2014","Response"
"2014-12-17 20:52:52.854055","98-5259_2014","Response"
"2014-12-18 00:22:40.197439","98-5259_2014","Response"
"2014-12-19 08:16:25.035393","77-7481_2014","Close"
"2014-12-19 16:41:58.157558","55-7731_2014","Response"
"2014-12-19 17:04:36.550622","76-9246_2014","Response"
"2014-12-19 22:53:05.821754","16-2552_2014","Assigned to analyst"
"2014-12-19 23:32:47.110851","16-2552_2014","Response"
"2014-12-20 03:11:06.317013","98-5259_2014","Response"
"2014-12-20 04:55:44.089614","36-7651_2014","Assigned to analyst"
"2014-12-20 18:52:04.220643","55-7731_2014","Response"
"2014-12-20 22:44:50.033186","98-5259_2014","Response"
"2014-12-20 23:32:34.277924","16-2552_2014","Response"
"2014-12-20 23:56:35.754345","76-9246_2014","Response"
"2014-12-21 02:42:25.383768","65-7156_2014","Close"
"2014-12-21 14:44:50.502938","16-2552_2014","Response"
"2014-12-21 16:56:30.517779","76-9246_2014","Response"
"2014-12-21 20:44:53.330277","55-7731_2014","Response"
"2014-12-22 11:09:30.019126","76-9246_2014","Response"
"2014-12-22 11:31:04.952721","36-7651_2014","Response"
"2014-12-22 18:04:36.299419","98-5259_2014","Response"
"2014-12-23 01:18:37.849947","98-5259_2014","Response"
"2014-12-23 03:19:39.032594","98-5259_2014","Response"
"2014-12-23 15:27:30.650674","36-7651_2014","Response"
"2014-12-23 21:53:04.942788","36-7651_2014","Response"
"2014-12-24 02:48:41.312103","36-7651_2014","Response"
"2014-12-24 03:27:29.365179","76-9246_2014","Response"
"2014-12-24 05:54:37.587266","98-5259_2014","Response"
"2014-12-24 23:26:54.043115","79-8774_2014","Close"
"2014-12-25 18:02:23.836023","76-9246_2014","Response"
"2014-12-26 01:51:52.166665","36-7651_2014","Response"
"2014-12-26 13:11:16.735592","76-9246_2014","Response"
"2014-12-26 21:28:08.347765","98-5259_2014","Close"
"2014-12-28 07:08:16.790630","36-7651_2014","Response"
"2014-12-28 11:05:28.243987","16-2552_2014","Close"
"2014-12-28 13:38:15.212828","76-9246_2014","Response"
"2014-12-29 03:25:03.967513","76-9246_2014","Response"
"2014-12-31 05:54:54.355879","36-7651_2014","Response"
"2015-01-01 13:26:30.915977","36-7651_2014","Response"
"2015-01-01 13:43:21.103048","36-7651_2014","Response"
"2015-01-01 16:14:35.068907","36-7651_2014","Response"
"2015-01-02 03:21:07.119649","36-7651_2014","Response"
"2015-01-04 22:51:42.888888","63-24_2015","Assigned to analyst"
"2015-01-05 01:36:53.516253","63-24_2015","Response"
"2015-01-05 05:04:29.395931","63-24_2015","Response"
"2015-01-05 08:46:58.515577","63-24_2015","Response"
"2015-01-05 08:47:17.413148","63-24_2015","Response"
"2015-01-05 09:23:41.478647","63-24_2015","Response"
"2015-01-05 09:35:33.489697","63-24_2015","Response"
"2015-01-05 10:20:02.177316","63-24_2015","Response"
"2015-01-05 10:28:10.123238","67-9785_2015","Assigned to analyst"
"2015-01-06 13:04:47.232253","28-9807_2014","Close"
"2015-01-08 15:49:24.437539","67-9785_2015","Response"
"2015-01-09 12:30:29.805340","67-9785_2015","Response"
"2015-01-09 18:22:46.929115","67-9785_2015","Response"
"2015-01-09 21:01:01.133778","40-6128_2014","Close"
"2015-01-11 06:42:13.367259","67-9785_2015","Response"
"2015-01-12 16:51:32.381026","82-1985_2014","Close"
"2015-01-13 06:21:48.268914","40-7201_2015","Assigned to analyst"
"2015-01-13 12:00:47.004864","40-7201_2015","Response"
"2015-01-13 22:36:16.647913","63-24_2015","Close"
"2015-01-14 15:21:51.919243","40-7201_2015","Response"
"2015-01-15 16:16:42.150625","67-9785_2015","Response"
"2015-01-17 13:43:50.351638","40-7201_2015","Response"
"2015-01-18 11:59:09.153003","40-7201_2015","Response"
"2015-01-18 19:55:37.129217","67-9785_2015","Response"
"2015-01-19 14:35:15.115403","76-9246_2014","Close"
"2015-01-20 04:21:29.482991","60-7178_2014","Close"
"2015-01-20 19:53:08.378942","67-9785_2015","Response"
"2015-01-21 09:10:33.144961","56-9417_2015","Assigned to analyst"
"2015-01-21 15:20:14.308803","56-9417_2015","Response"
"2015-01-21 16:53:04.374979","56-9417_2015","Response"
"2015-01-21 20:56:47.408511","56-9417_2015","Response"
"2015-01-22 00:47:25.224033","56-9417_2015","Response"
"2015-01-22 05:33:04.893415","36-7651_2014","Close"
"2015-01-22 08:55:11.033966","56-9417_2015","Response"
"2015-01-23 05:44:45.566127","34-3598_2015","Assigned to analyst"
"2015-01-23 14:53:14.102172","17-5369_2015","Assigned to analyst"
"2015-01-25 02:12:51.937239","34-3598_2015","Response"
"2015-01-25 02:29:27.747291","38-9112_2014","Close"
"2015-01-26 06:02:32.986160","34-3598_2015","Response"
"2015-01-26 08:05:33.601998","90-2561_2015","Assigned to analyst"
"2015-01-26 10:33:48.003161","90-2561_2015","Response"
"2015-01-26 14:37:47.564692","90-2561_2015","Response"
"2015-01-26 15:25:54.060564","90-2561_2015","Response"
"2015-01-26 16:12:35.090578","17-5369_2015","Response"
"2015-01-26 18:27:19.732500","90-2561_2015","Response"
"2015-01-26 18:52:46.030635","90-2561_2015","Response"
"2015-01-26 22:30:00.674536","90-2561_2015","Response"
"2015-01-27 04:15:24.314192","90-2561_2015","Response"
"2015-01-27 09:36:07.536500","34-3598_2015","Response"
"2015-01-28 18:04:22.662175","60-3685_2015","Assigned to analyst"
"2015-01-28 18:52:27.569670","60-3685_2015","Response"
"2015-01-28 20:08:46.156874","60-3685_2015","Response"
"2015-01-28 22:29:19.782017","60-3685_2015","Response"
"2015-01-28 22:46:54.954874","7-838_2015","Assigned to analyst"
"2015-01-29 00:31:12.202912","7-838_2015","Response"
"2015-01-29 01:40:04.669755","7-838_2015","Response"
"2015-01-29 01:44:32.906781","7-838_2015","Response"
"2015-01-29 02:42:27.205978","60-3685_2015","Response"
"2015-01-29 05:04:47.941425","60-3685_2015","Response"
"2015-01-29 05:08:40.019121","7-838_2015","Response"
"2015-01-29 07:32:21.317144","60-3685_2015","Response"
"2015-01-29 07:35:10.508105","7-838_2015","Response"
"2015-01-29 09:09:25.367870","60-3685_2015","Response"
"2015-01-29 09:10:06.411655","7-838_2015","Response"
"2015-01-29 09:35:26.398378","60-3685_2015","Response"
"2015-01-29 11:30:53.826689","7-838_2015","Response"
"2015-01-29 11:55:05.009104","60-3685_2015","Response"
"2015-01-29 13:11:22.519743","7-838_2015","Response"
"2015-01-29 13:30:05.872311","60-3685_2015","Response"
"2015-01-29 18:34:22.705470","7-838_2015","Response"
"2015-01-29 18:42:37.493173","7-838_2015","Response"
"2015-01-29 18:44:28.698609","7-838_2015","Response"
"2015-01-30 13:38:45.401857","75-2649_2015","Assigned to analyst"
"2015-01-31 00:02:22.298252","75-2649_2015","Response"
"2015-01-31 11:49:32.076201","34-3598_2015","Response"
"2015-01-31 18:51:25.516032","56-9417_2015","Close"
"2015-01-31 19:42:41.248402","17-5369_2015","Response"
"2015-02-01 01:32:33.554359","7-838_2015","Close"
"2015-02-01 20:38:33.766570","39-3554_2015","Assigned to analyst"
"2015-02-01 20:43:23.229794","39-3554_2015","Response"
"2015-02-01 21:05:33.981135","39-3554_2015","Response"
"2015-02-03 03:17:26.444767","90-2561_2015","Close"
"2015-02-03 22:48:57.491053","60-3685_2015","Close"
"2015-02-04 05:55:56.168075","75-2649_2015","Response"
"2015-02-04 12:24:23.606415","34-3598_2015","Response"
"2015-02-05 11:10:13.501787","67-9785_2015","Close"
"2015-02-06 05:46:42.651650","75-2649_2015","Response"
"2015-02-06 20:47:11.558948","75-2649_2015","Response"
"2015-02-07 00:38:12.540210","39-3554_2015","Close"
"2015-02-07 08:40:20.662204","20-7318_2015","Assigned to analyst"
"2015-02-07 09:45:03.077363","20-7318_2015","Response"
"2015-02-07 10:57:55.438949","20-7318_2015","Response"
"2015-02-07 12:56:02.593078","75-2649_2015","Response"
"2015-02-07 14:30:03.761880","20-7318_2015","Response"
"2015-02-07 19:06:49.265890","34-3598_2015","Response"
"2015-02-08 07:15:55.489721","34-3598_2015","Response"
"2015-02-08 08:11:41.736275","75-2649_2015","Response"
"2015-02-09 19:53:21.761840","75-2649_2015","Response"
"2015-02-10 05:09:12.733921","20-7318_2015","Close"
"2015-02-12 18:11:10.394820","75-2649_2015","Response"
"2015-02-12 19:18:35.095167","5-4835_2015","Assigned to analyst"
"2015-02-12 19:36:24.922897","5-4835_2015","Response"
"2015-02-12 19:50:46.900197","5-4835_2015","Response"
"2015-02-12 22:49:50.523876","5-4835_2015","Response"
"2015-02-13 05:39:45.549978","5-4835_2015","Response"
"2015-02-13 13:32:25.235318","5-4835_2015","Response"
"2015-02-14 03:02:25.801735","12-5744_2015","Assigned to analyst"
"2015-02-14 15:48:18.331373","55-7731_2014","Close"
"2015-02-15 08:17:43.985064","34-3598_2015","Close"
"2015-02-15 18:56:38.972683","96-4368_2015","Assigned to analyst"
"2015-02-15 19:08:46.950312","96-4368_2015","Response"
"2015-02-16 04:53:45.669923","75-2649_2015","Response"
"2015-02-16 16:24:24.805835","12-5744_2015","Response"
"2015-02-16 20:26:17.303421","54-2312_2015","Assigned to analyst"
"2015-02-16 22:47:46.666262","54-2312_2015","Response"
"2015-02-16 23:03:39.160187","54-2312_2015","Response"
"2015-02-17 00:20:13.316377","71-256_2015","Assigned to analyst"
"2015-02-17 02:43:34.246296","54-2312_2015","Response"
"2015-02-17 02:56:47.272667","71-256_2015","Response"
"2015-02-17 06:19:51.757530","54-2312_2015","Response"
"2015-02-17 08:54:47.037501","71-256_2015","Response"
"2015-02-17 09:46:50.304724","54-2312_2015","Response"
"2015-02-17 10:47:08.046853","71-256_2015","Response"
"2015-02-17 13:42:31.482411","71-256_2015","Response"
"2015-02-17 13:45:04.386927","71-256_2015","Response"
"2015-02-17 15:47:36.487457","71-256_2015","Response"
"2015-02-17 19:26:01.820120","71-256_2015","Response"
"2015-02-17 23:29:02.642522","71-256_2015","Response"
"2015-02-17 23:39:03.173128","71-256_2015","Response"
"2015-02-17 23:41:00.434732","71-256_2015","Response"
"2015-02-18 18:06:41.888517","75-2649_2015","Response"
"2015-02-19 05:20:44.395593","54-2312_2015","Close"
"2015-02-19 07:56:57.992111","96-4368_2015","Response"
"2015-02-19 07:59:42.816924","12-5744_2015","Response"
"2015-02-19 16:54:57.510041","5-4835_2015","Close"
"2015-02-20 06:45:09.637757","12-5744_2015","Response"
"2015-02-20 07:30:20.288888","96-4368_2015","Response"
"2015-02-20 08:42:20.677754","71-256_2015","Close"
"2015-02-20 10:03:21.756621","12-5744_2015","Response"
"2015-02-20 23:28:05.266557","80-5914_2015","Assigned to analyst"
"2015-02-21 05:18:28.733267","74-2461_2015","Assigned to analyst"
"2015-02-21 07:21:35.094383","80-5914_2015","Response"
"2015-02-21 16:14:42.035760","80-5914_2015","Response"
"2015-02-22 02:16:06.009232","74-2461_2015","Response"
"2015-02-22 21:22:40.123175","92-2976_2015","Assigned to analyst"
"2015-02-23 00:19:26.001657","92-2976_2015","Response"
"2015-02-23 05:51:19.884570","92-2976_2015","Response"
"2015-02-23 06:27:06.705458","96-4368_2015","Close"
"2015-02-23 06:31:43.952656","80-5914_2015","Response"
"2015-02-23 07:50:01.548396","74-2461_2015","Response"
"2015-02-23 19:52:09.247273","80-5914_2015","Response"
"2015-02-23 23:12:27.721046","12-5744_2015","Response"
"2015-02-24 09:04:13.525294","66-2393_2015","Assigned to analyst"
"2015-02-24 15:20:58.392898","66-2393_2015","Response"
"2015-02-24 22:35:42.761639","80-5914_2015","Response"
"2015-02-24 23:36:39.107697","69-6634_2015","Assigned to analyst"
"2015-02-24 23:49:23.602056","69-6634_2015","Response"
"2015-02-25 03:14:05.547324","80-5914_2015","Response"
"2015-02-25 15:04:35.032232","80-5914_2015","Response"
"2015-02-25 16:39:36.342351","74-2461_2015","Response"
"2015-02-25 17:31:27.478500","92-2976_2015","Close"
"2015-02-25 18:03:19.040670","40-7201_2015","Close"
"2015-02-25 21:29:42.016341","12-5744_2015","Response"
"2015-02-25 21:52:22.165700","17-5369_2015","Close"
"2015-02-26 00:37:13.932701","69-6634_2015","Response"
"2015-02-26 03:01:02.907405","66-2393_2015","Response"
"2015-02-26 11:01:18.203094","66-2393_2015","Response"
"2015-02-27 09:56:10.410569","69-6634_2015","Response"
"2015-02-27 15:50:43.848767","80-5914_2015","Response"
"2015-02-28 04:07:55.791617","66-2393_2015","Response"
"2015-02-28 06:57:49.248218","74-2461_2015","Response"
"2015-02-28 12:17:05.669330","69-6634_2015","Response"
"2015-02-28 18:47:07.478470","66-2393_2015","Response"
"2015-03-01 06:14:02.462485","66-2393_2015","Response"
"2015-03-01 18:10:30.346236","12-5744_2015","Response"
"2015-03-01 20:27:16.824542","66-2393_2015","Response"
"2015-03-01 22:29:23.582381","38-9808_2015","Assigned to analyst"
"2015-03-02 12:13:35.929698","66-2393_2015","Response"
"2015-03-02 22:58:48.109266","69-6634_2015","Response"
"2015-03-03 10:29:43.090279","80-5914_2015","Close"
"2015-03-03 19:26:05.508104","12-5744_2015","Response"
"2015-03-05 21:30:18.567764","38-9808_2015","Response"
"2015-03-05 23:36:39.501139","12-5744_2015","Close"
"2015-03-08 13:55:13.813317","30-4375_2015","Assigned to analyst"
"2015-03-08 18:08:25.172576","38-9808_2015","Response"
"2015-03-10 02:56:31.840123","30-4375_2015","Response"
"2015-03-10 05:43:03.360009","74-2461_2015","Close"
"2015-03-11 09:06:27.569184","75-2649_2015","Close"
"2015-03-12 10:59:16.825375","38-9808_2015","Response"
"2015-03-13 08:05:41.858746","38-9808_2015","Response"
"2015-03-14 07:59:18.012110","30-4375_2015","Response"
"2015-03-15 10:16:07.799178","78-1329_2015","Assigned to analyst"
"2015-03-15 11:42:43.855740","78-1329_2015","Response"
"2015-03-15 13:49:39.997998","78-1329_2015","Response"
"2015-03-15 16:11:36.863433","78-1329_2015","Response"
"2015-03-15 18:08:04.097609","78-1329_2015","Response"
"2015-03-15 22:15:48.935605","78-1329_2015","Response"
"2015-03-15 23:07:14.700696","78-1329_2015","Response"
"2015-03-16 02:05:03.789045","78-1329_2015","Response"
"2015-03-16 03:14:27.607152","78-1329_2015","Response"
"2015-03-16 04:16:08.531499","78-1329_2015","Response"
"2015-03-17 03:13:25.882443","38-9808_2015","Response"
"2015-03-17 07:32:40.125803","30-4375_2015","Response"
"2015-03-17 10:19:13.713736","59-9590_2015","Assigned to analyst"
"2015-03-17 16:36:22.293486","52-8925_2015","Assigned to analyst"
"2015-03-17 23:24:59.910414","52-8925_2015","Response"
"2015-03-18 03:22:11.992015","52-8925_2015","Response"
"2015-03-18 07:16:33.522050","52-8925_2015","Response"
"2015-03-18 09:17:32.971813","52-8925_2015","Response"
"2015-03-18 12:48:22.434558","52-8925_2015","Response"
"2015-03-18 12:51:24.469006","52-8925_2015","Response"
"2015-03-18 15:15:49.097096","52-8925_2015","Response"
"2015-03-18 15:31:19.118191","52-8925_2015","Response"
"2015-03-19 06:20:03.653206","14-1166_2015","Assigned to analyst"
"2015-03-19 09:27:32.022984","4-7289_2015","Assigned to analyst"
"2015-03-19 10:41:02.733141","30-4375_2015","Response"
"2015-03-19 11:18:01.680600","59-9590_2015","Response"
"2015-03-19 12:32:29.749331","4-7289_2015","Response"
"2015-03-20 02:17:20.022442","14-1166_2015","Response"
"2015-03-20 20:06:07.125900","78-1329_2015","Close"
"2015-03-20 23:05:10.178748","14-1166_2015","Response"
"2015-03-20 23:28:48.311610","66-2393_2015","Close"
"2015-03-21 00:25:41.919143","18-425_2015","Assigned to analyst"
"2015-03-21 05:29:09.792985","18-425_2015","Response"
"2015-03-21 09:08:13.276703","14-1166_2015","Response"
"2015-03-21 11:26:02.886354","18-425_2015","Response"
"2015-03-21 11:36:24.274121","59-9590_2015","Response"
"2015-03-21 16:55:13.369492","18-425_2015","Response"
"2015-03-21 17:52:55.225841","18-425_2015","Response"
"2015-03-21 19:17:54.154625","38-9808_2015","Response"
"2015-03-22 06:30:15.672120","18-425_2015","Close"
"2015-03-22 10:49:59.625104","14-1166_2015","Response"
"2015-03-22 13:05:21.794245","38-9808_2015","Response"
"2015-03-22 23:01:10.434056","47-285_2015","Assigned to analyst"
"2015-03-23 04:15:29.870391","47-285_2015","Response"
"2015-03-23 11:16:40.633419","30-4375_2015","Response"
"2015-03-23 12:17:24.776014","59-9590_2015","Response"
"2015-03-23 12:27:27.856952","59-9590_2015","Response"
"2015-03-24 01:43:51.396293","14-1166_2015","Response"
"2015-03-24 19:13:11.767744","38-9808_2015","Response"
"2015-03-24 20:36:04.173400","47-285_2015","Response"
"2015-03-25 06:10:04.797630","59-9590_2015","Response"
"2015-03-25 06:58:50.045901","30-4375_2015","Response"
"2015-03-26 02:28:59.168782","14-1166_2015","Response"
"2015-03-26 02:53:17.951217","59-9590_2015","Response"
"2015-03-26 15:24:43.471965","47-285_2015","Response"
"2015-03-26 17:44:32.675422","59-9590_2015","Response"
"2015-03-26 22:52:00.647292","47-285_2015","Response"
"2015-03-27 02:39:47.618448","59-9590_2015","Response"
"2015-03-27 16:14:36.835583","38-9808_2015","Response"
"2015-03-27 16:37:55.091907","52-8925_2015","Close"
"2015-03-27 21:16:36.848117","30-4375_2015","Response"
"2015-03-28 02:52:30.017974","30-4375_2015","Response"
"2015-03-28 07:08:11.894120","59-9590_2015","Response"
"2015-03-28 11:03:52.249351","14-1166_2015","Response"
"2015-03-28 14:30:41.424641","30-4375_2015","Response"
"2015-03-28 16:23:41.165884","30-4375_2015","Response"
"2015-03-28 23:44:06.931432","38-9808_2015","Response"
"2015-03-29 05:09:11.266226","59-9590_2015","Response"
"2015-03-29 14:06:34.395993","14-1166_2015","Response"
"2015-03-29 14:25:10.720707","59-9590_2015","Response"
"2015-03-30 17:23:07.010996","14-1166_2015","Response"
"2015-03-30 21:01:04.285307","38-9808_2015","Response"
"2015-03-31 10:36:05.620878","14-1166_2015","Close"
"2015-03-31 22:34:24.245340","47-285_2015","Close"
"2015-04-03 01:19:26.264884","59-9590_2015","Close"
"2015-04-03 07:25:48.494951","4-7289_2015","Close"
"2015-04-09 07:39:22.292325","30-4375_2015","Close"
"2015-04-09 10:51:03.067333","65-7085_2015","Assigned to analyst"
"2015-04-11 03:58:51.412661","46-3387_2015","Assigned to analyst"
"2015-04-11 21:14:15.176626","65-7085_2015","Response"
"2015-04-12 04:05:01.349995","46-3387_2015","Response"
"2015-04-12 11:54:28.263737","69-6634_2015","Close"
"2015-04-12 23:39:55.893573","65-7085_2015","Response"
"2015-04-13 02:13:20.085613","46-3387_2015","Response"
"2015-04-13 03:30:03.350371","65-7085_2015","Response"
"2015-04-13 07:17:32.303203","65-7085_2015","Response"
"2015-04-13 11:29:56.899977","46-3387_2015","Response"
"2015-04-13 11:37:38.379581","19-9496_2015","Assigned to analyst"
"2015-04-14 07:29:21.006043","65-7085_2015","Response"
"2015-04-15 01:15:41.480012","65-7085_2015","Response"
"2015-04-15 03:11:55.426959","19-9496_2015","Response"
"2015-04-15 11:50:49.384580","3-2178_2015","Assigned to analyst"
"2015-04-15 17:13:54.640803","46-3387_2015","Response"
"2015-04-15 18:37:31.586169","3-2178_2015","Response"
"2015-04-16 17:30:59.760652","3-2178_2015","Close"
"2015-04-16 22:42:11.772650","65-7085_2015","Response"
"2015-04-16 23:14:58.685917","46-3387_2015","Response"
"2015-04-17 03:24:51.039618","19-9496_2015","Response"
"2015-04-17 09:12:08.861884","28-9180_2015","Assigned to analyst"
"2015-04-17 10:04:59.964806","65-7085_2015","Response"
"2015-04-17 10:21:28.624168","65-7085_2015","Response"
"2015-04-17 15:58:30.482512","28-9180_2015","Response"
"2015-04-17 23:44:32.730604","28-9180_2015","Response"
"2015-04-18 00:43:38.591316","28-9180_2015","Response"
"2015-04-18 01:37:47.872986","28-9180_2015","Response"
"2015-04-18 04:23:38.900242","28-9180_2015","Response"
"2015-04-18 04:36:41.348552","28-9180_2015","Response"
"2015-04-18 09:42:31.477021","28-9180_2015","Response"
"2015-04-18 11:02:16.331173","28-9180_2015","Response"
"2015-04-18 12:11:01.514584","28-9180_2015","Response"
"2015-04-18 16:43:49.849639","28-9180_2015","Response"
"2015-04-18 17:53:23.405141","28-9180_2015","Response"
"2015-04-19 16:33:53.386968","46-3387_2015","Response"
"2015-04-19 23:07:44.850720","46-3387_2015","Response"
"2015-04-20 05:58:40.382714","19-9496_2015","Response"
"2015-04-20 13:26:54.617893","46-3387_2015","Response"
"2015-04-20 18:20:11.220682","19-9496_2015","Response"
"2015-04-23 02:33:49.330103","28-9180_2015","Close"
"2015-04-23 03:16:59.906699","19-9496_2015","Response"
"2015-04-23 11:37:53.529866","19-9496_2015","Response"
"2015-04-23 23:40:22.424186","19-9496_2015","Response"
"2015-04-26 20:50:57.133080","86-4441_2015","Assigned to analyst"
"2015-04-28 09:17:44.916803","86-4441_2015","Response"
"2015-04-29 11:45:46.246620","46-3387_2015","Close"
"2015-04-29 19:38:43.913722","65-7085_2015","Close"
"2015-04-30 02:03:26.339644","86-4441_2015","Response"
"2015-05-02 16:32:22.314608","99-2832_2015","Assigned to analyst"
"2015-05-03 21:43:40.964760","86-4441_2015","Response"
"2015-05-05 23:08:32.590997","86-4441_2015","Response"
"2015-05-06 01:29:17.907896","85-9235_2015","Assigned to analyst"
"2015-05-06 02:03:32.889308","85-9235_2015","Response"
"2015-05-06 07:35:18.047040","85-9235_2015","Response"
"2015-05-06 09:13:19.970672","85-9235_2015","Response"
"2015-05-06 16:48:58.346550","99-2832_2015","Response"
"2015-05-07 16:30:54.716011","2-8269_2015","Assigned to analyst"
"2015-05-07 17:57:48.513640","86-4441_2015","Response"
"2015-05-08 20:53:05.153829","83-7607_2015","Assigned to analyst"
"2015-05-08 22:53:39.910912","83-7607_2015","Response"
"2015-05-09 01:35:14.878196","83-7607_2015","Response"
"2015-05-09 01:54:23.219642","83-7607_2015","Response"
"2015-05-09 04:04:33.780037","99-2832_2015","Response"
"2015-05-09 07:46:25.675049","83-7607_2015","Response"
"2015-05-09 22:03:26.648098","86-4441_2015","Response"
"2015-05-10 18:06:40.807757","83-7607_2015","Close"
"2015-05-11 11:36:40.394592","99-2832_2015","Response"
"2015-05-11 15:46:31.341441","2-8269_2015","Response"
"2015-05-12 20:26:34.869897","86-4441_2015","Response"
"2015-05-12 20:34:00.306250","37-2850_2015","Assigned to analyst"
"2015-05-13 04:32:56.351458","2-8269_2015","Response"
"2015-05-13 09:09:51.748311","68-5587_2015","Assigned to analyst"
"2015-05-13 10:25:32.109218","37-2850_2015","Response"
"2015-05-13 10:57:08.237730","64-4077_2015","Assigned to analyst"
"2015-05-13 14:44:22.672030","86-4441_2015","Response"
"2015-05-13 17:04:15.504171","85-9235_2015","Close"
"2015-05-13 20:38:42.888462","86-4441_2015","Response"
"2015-05-14 00:53:06.152889","36-271_2015","Assigned to analyst"
"2015-05-14 08:19:55.473145","99-2832_2015","Response"
"2015-05-14 08:56:03.686744","99-2832_2015","Response"
"2015-05-15 14:02:48.283989","2-8269_2015","Response"
"2015-05-15 16:01:08.285575","64-4077_2015","Response"
"2015-05-16 02:09:02.690578","36-271_2015","Response"
"2015-05-17 00:08:53.890086","36-271_2015","Response"
"2015-05-17 01:21:06.644135","99-2832_2015","Response"
"2015-05-17 03:50:16.276977","49-6511_2015","Assigned to analyst"
"2015-05-17 22:51:43.673924","99-2832_2015","Response"
"2015-05-18 01:02:52.541678","2-8269_2015","Response"
"2015-05-18 03:23:51.194690","49-6511_2015","Response"
"2015-05-18 03:41:04.728298","68-5587_2015","Response"
"2015-05-18 09:34:47.973390","2-8269_2015","Response"
"2015-05-18 10:14:03.249252","37-2850_2015","Response"
"2015-05-18 21:33:56.036136","2-8269_2015","Response"
"2015-05-19 05:41:01.345838","68-5587_2015","Response"
"2015-05-19 17:53:45.128478","49-6511_2015","Response"
"2015-05-20 13:08:23.607330","37-2850_2015","Response"
"2015-05-20 13:53:03.753517","64-4077_2015","Response"
"2015-05-20 22:52:43.364236","99-2832_2015","Response"
"2015-05-21 12:29:33.989996","64-4077_2015","Response"
"2015-05-22 01:50:03.756658","2-8269_2015","Response"
"2015-05-22 11:52:21.537064","79-544_2015","Assigned to analyst"
"2015-05-22 13:04:17.302388","79-544_2015","Response"
"2015-05-22 13:06:35.293183","37-2850_2015","Response"
"2015-05-22 15:33:05.654420","49-6511_2015","Response"
"2015-05-23 06:38:05.029614","68-5587_2015","Response"
"2015-05-23 07:08:25.878772","68-5587_2015","Response"
"2015-05-24 08:47:52.132090","1-2600_2015","Assigned to analyst"
"2015-05-24 15:30:53.687894","64-4077_2015","Response"
"2015-05-25 03:13:14.835653","36-271_2015","Close"
"2015-05-25 18:54:02.013552","49-6511_2015","Response"
"2015-05-25 21:27:23.791702","79-544_2015","Response"
"2015-05-26 04:00:36.993310","79-544_2015","Response"
"2015-05-26 07:19:45.432868","79-544_2015","Response"
"2015-05-26 16:55:43.585905","1-2600_2015","Response"
"2015-05-26 21:16:52.711101","68-5587_2015","Response"
"2015-05-26 22:12:04.953283","86-4441_2015","Close"
"2015-05-27 11:25:11.386514","37-2850_2015","Close"
"2015-05-27 15:45:40.318423","64-4077_2015","Response"
"2015-05-27 16:12:53.591168","2-8269_2015","Response"
"2015-05-27 17:03:41.652122","68-5587_2015","Response"
"2015-05-28 11:56:57.364806","2-8269_2015","Response"
"2015-05-28 13:58:17.629272","49-6511_2015","Response"
"2015-05-29 13:19:49.505378","1-2600_2015","Response"
"2015-05-29 16:15:01.688405","48-6210_2015","Assigned to analyst"
"2015-05-30 10:03:57.622006","49-6511_2015","Response"
"2015-05-30 10:05:22.284325","19-9496_2015","Close"
"2015-05-30 12:26:34.936339","49-6511_2015","Response"
"2015-05-31 06:31:24.575080","48-6210_2015","Response"
"2015-05-31 10:36:54.660944","2-8269_2015","Response"
"2015-05-31 16:29:43.728264","68-5587_2015","Response"
"2015-06-01 03:14:48.636674","79-544_2015","Response"
"2015-06-01 09:00:52.011464","49-6511_2015","Response"
"2015-06-01 16:17:58.981059","64-4077_2015","Response"
"2015-06-02 01:05:59.200464","68-5587_2015","Response"
"2015-06-02 01:54:06.579086","48-6210_2015","Response"
"2015-06-02 05:22:29.324421","48-6210_2015","Response"
"2015-06-02 12:39:00.710145","1-2600_2015","Response"
"2015-06-03 03:34:45.438439","48-6210_2015","Response"
"2015-06-04 04:41:33.403516","64-4077_2015","Response"
"2015-06-04 04:56:23.746449","38-9808_2015","Close"
"2015-06-04 12:16:35.056611","45-4811_2015","Assigned to analyst"
"2015-06-04 15:16:37.413670","45-4811_2015","Response"
"2015-06-04 15:52:25.719452","1-2600_2015","Response"
"2015-06-04 15:58:57.386706","68-5587_2015","Response"
"2015-06-04 20:15:51.816838","45-4811_2015","Response"
"2015-06-04 22:39:22.447086","45-4811_2015","Response"
"2015-06-05 22:33:48.455412","79-544_2015","Close"
"2015-06-06 04:21:23.764678","68-5587_2015","Response"
"2015-06-06 13:13:31.854541","48-6210_2015","Response"
"2015-06-06 14:25:21.751056","49-6511_2015","Response"
"2015-06-07 03:22:46.763365","49-6511_2015","Response"
"2015-06-07 12:24:29.598622","1-2600_2015","Response"
"2015-06-07 15:48:07.842886","51-4201_2015","Assigned to analyst"
"2015-06-07 20:42:42.312027","45-4811_2015","Close"
"2015-06-08 04:13:32.051589","64-4077_2015","Response"
"2015-06-08 22:24:35.386457","51-4201_2015","Response"
"2015-06-09 18:47:41.356264","51-4201_2015","Response"
"2015-06-09 22:24:06.500619","1-2600_2015","Response"
"2015-06-10 19:38:46.252524","1-2600_2015","Response"
"2015-06-11 18:45:55.709447","51-4201_2015","Response"
"2015-06-12 03:45:56.612481","51-4201_2015","Response"
"2015-06-12 22:36:40.146951","1-2600_2015","Response"
"2015-06-14 17:17:54.535329","51-4201_2015","Response"
"2015-06-14 18:47:31.219306","51-4201_2015","Response"
"2015-06-15 03:19:38.087912","51-4201_2015","Response"
"2015-06-15 20:12:58.502320","1-2600_2015","Response"
"2015-06-17 02:43:00.396370","55-6563_2015","Assigned to analyst"
"2015-06-19 02:39:48.216475","48-6210_2015","Close"
"2015-06-19 04:57:40.845787","55-6563_2015","Response"
"2015-06-20 01:37:09.664741","55-6563_2015","Response"
"2015-06-20 20:27:16.315153","55-6563_2015","Response"
"2015-06-21 05:40:22.072146","55-6563_2015","Response"
"2015-06-22 16:34:33.966617","55-6563_2015","Response"
"2015-06-23 19:09:08.621666","0-6574_2015","Assigned to analyst"
"2015-06-24 16:45:09.335839","0-6574_2015","Response"
"2015-06-26 07:57:16.888767","0-6574_2015","Response"
"2015-06-26 16:17:36.518866","51-4201_2015","Close"
"2015-06-30 00:40:08.997181","2-8269_2015","Close"
"2015-06-30 04:15:07.633200","0-6574_2015","Response"
"2015-06-30 09:12:24.416719","29-5870_2015","Assigned to analyst"
"2015-06-30 13:00:51.606843","29-5870_2015","Response"
"2015-07-02 05:07:55.719250","55-6563_2015","Close"
"2015-07-03 01:48:16.223413","29-5870_2015","Response"
"2015-07-03 11:39:16.664370","44-6098_2015","Assigned to analyst"
"2015-07-03 13:47:42.145220","44-6098_2015","Response"
"2015-07-03 14:52:20.737153","44-6098_2015","Response"
"2015-07-03 17:52:14.386719","44-6098_2015","Response"
"2015-07-03 18:27:13.872731","44-6098_2015","Response"
"2015-07-03 21:02:35.353566","44-6098_2015","Response"
"2015-07-04 01:30:40.027528","44-6098_2015","Response"
"2015-07-04 04:28:01.182759","44-6098_2015","Response"
"2015-07-04 18:54:35.820333","0-6574_2015","Response"
"2015-07-05 19:11:28.216396","0-6574_2015","Response"
"2015-07-06 18:20:55.296484","16-3177_2015","Assigned to analyst"
"2015-07-06 20:00:42.108635","29-5870_2015","Response"
"2015-07-06 21:15:24.412305","16-3177_2015","Response"
"2015-07-07 04:02:17.699565","16-3177_2015","Response"
"2015-07-07 09:45:49.720248","16-3177_2015","Response"
"2015-07-07 10:59:49.583671","0-6574_2015","Response"
"2015-07-07 13:10:12.154947","16-3177_2015","Response"
"2015-07-07 16:03:30.358109","61-4390_2015","Assigned to analyst"
"2015-07-07 16:23:08.829179","16-3177_2015","Response"
"2015-07-07 20:15:53.435931","16-3177_2015","Response"
"2015-07-07 21:20:07.453733","44-6098_2015","Close"
"2015-07-07 21:44:45.893997","16-3177_2015","Response"
"2015-07-08 01:47:28.180706","16-3177_2015","Response"
"2015-07-08 02:08:10.466603","0-6574_2015","Response"
"2015-07-08 03:10:58.882696","16-3177_2015","Response"
"2015-07-08 07:58:44.898589","0-6574_2015","Response"
"2015-07-09 11:22:23.606178","29-5870_2015","Response"
"2015-07-09 20:50:49.458291","61-4390_2015","Response"
"2015-07-09 20:52:17.770919","61-4390_2015","Response"
"2015-07-11 09:09:09.865227","61-4390_2015","Response"
"2015-07-11 20:28:30.834441","61-4390_2015","Response"
"2015-07-13 20:00:12.954622","61-4390_2015","Response"
"2015-07-13 23:20:10.733848","16-3177_2015","Close"
"2015-07-14 04:22:04.877550","29-5870_2015","Response"
"2015-07-14 11:26:58.133457","29-5870_2015","Response"
"2015-07-16 00:38:09.020398","29-5870_2015","Response"
"2015-07-17 00:30:36.445021","22-9953_2015","Assigned to analyst"
"2015-07-17 05:31:49.878000","49-6511_2015","Close"
"2015-07-20 04:54:19.020984","64-4077_2015","Close"
"2015-07-21 13:16:37.374690","22-9953_2015","Response"
"2015-07-21 16:21:08.557506","22-9953_2015","Response"
"2015-07-24 17:58:51.293296","22-9953_2015","Response"
"2015-07-25 09:06:36.649329","22-9953_2015","Response"
"2015-07-27 10:56:35.980057","22-9953_2015","Response"
"2015-07-30 03:14:00.807519","99-2832_2015","Close"
"2015-07-31 08:38:30.264218","22-9953_2015","Response"
"2015-08-02 22:41:24.091657","22-9953_2015","Response"
"2015-08-06 17:31:45.243138","88-3817_2015","Assigned to analyst"
"2015-08-06 19:17:12.319030","88-3817_2015","Response"
"2015-08-06 20:44:22.100758","88-3817_2015","Response"
"2015-08-07 01:02:42.835864","88-3817_2015","Response"
"2015-08-07 05:26:45.279133","88-3817_2015","Response"
"2015-08-07 08:35:33.432837","88-3817_2015","Response"
"2015-08-07 17:28:47.797429","88-3817_2015","Response"
"2015-08-07 20:10:50.637519","88-3817_2015","Response"
"2015-08-08 07:03:34.120905","22-9953_2015","Response"
"2015-08-08 07:33:09.226348","22-9953_2015","Response"
"2015-08-08 21:56:12.186232","22-9953_2015","Response"
"2015-08-10 03:53:23.932258","22-9953_2015","Response"
"2015-08-14 07:14:53.353495","88-3817_2015","Close"
"2015-08-15 18:39:12.592628","72-8691_2015","Assigned to analyst"
"2015-08-16 07:09:43.259653","1-2600_2015","Close"
"2015-08-16 08:29:57.842575","72-8691_2015","Response"
"2015-08-17 05:03:23.520962","72-8691_2015","Response"
"2015-08-17 14:14:01.187107","72-8691_2015","Response"
"2015-08-19 00:51:49.304188","72-8691_2015","Response"
"2015-08-19 12:41:29.684867","72-8691_2015","Response"
"2015-08-20 03:41:44.307768","35-5958_2015","Assigned to analyst"
"2015-08-20 05:48:53.088459","35-5958_2015","Response"
"2015-08-20 07:19:02.798110","35-5958_2015","Response"
"2015-08-20 07:52:13.245832","35-5958_2015","Response"
"2015-08-20 10:21:20.943208","72-8691_2015","Response"
"2015-08-20 11:32:09.982459","35-5958_2015","Response"
"2015-08-20 14:57:38.541925","35-5958_2015","Response"
"2015-08-20 22:36:08.258836","35-5958_2015","Response"
"2015-08-21 01:06:47.285678","35-5958_2015","Response"
"2015-08-21 02:02:20.342129","35-5958_2015","Response"
"2015-08-22 00:45:40.052868","62-3410_2015","Assigned to analyst"
"2015-08-22 02:36:30.307263","72-8691_2015","Response"
"2015-08-22 16:03:17.954991","62-3410_2015","Response"
"2015-08-24 19:02:52.829230","62-3410_2015","Response"
"2015-08-27 12:59:03.866702","62-3410_2015","Response"
"2015-08-29 12:15:23.409458","62-3410_2015","Response"
"2015-08-30 00:05:02.425842","82-4965_2015","Assigned to analyst"
"2015-08-31 09:25:19.453214","62-3410_2015","Response"
"2015-08-31 21:08:53.342521","82-4965_2015","Response"
"2015-09-01 02:51:49.126120","72-8691_2015","Close"
"2015-09-02 02:13:09.560294","35-5958_2015","Close"
"2015-09-02 07:06:26.693954","62-3410_2015","Response"
"2015-09-03 11:38:56.196889","62-3410_2015","Response"
"2015-09-04 06:29:23.432887","82-4965_2015","Response"
"2015-09-07 11:58:26.476898","62-3410_2015","Response"
"2015-09-07 22:32:58.082241","62-3410_2015","Response"
"2015-09-08 05:13:58.815043","29-5870_2015","Close"
"2015-09-08 19:29:37.521758","82-4965_2015","Response"
"2015-09-09 00:39:23.550766","62-3410_2015","Response"
"2015-09-09 05:57:28.758156","93-3426_2015","Assigned to analyst"
"2015-09-10 15:12:27.564481","93-3426_2015","Response"
"2015-09-11 01:41:03.920130","68-5587_2015","Close"
"2015-09-11 04:14:43.580486","22-9953_2015","Close"
"2015-09-11 05:48:53.668143","82-4965_2015","Response"
"2015-09-11 12:06:49.617003","9-8945_2015","Assigned to analyst"
"2015-09-11 16:10:52.331387","9-8945_2015","Response"
"2015-09-11 18:41:25.821335","82-4965_2015","Response"
"2015-09-12 03:17:26.793798","82-4965_2015","Response"
"2015-09-12 13:40:06.252500","62-3410_2015","Response"
"2015-09-12 13:43:58.854056","82-4965_2015","Response"
"2015-09-13 09:00:15.928891","82-4965_2015","Response"
"2015-09-14 09:47:35.353237","9-8945_2015","Response"
"2015-09-14 20:38:17.082324","82-4965_2015","Response"
"2015-09-14 20:42:30.109758","93-3426_2015","Close"
"2015-09-16 01:21:10.788577","8-5016_2015","Assigned to analyst"
"2015-09-16 07:11:22.347689","8-5016_2015","Response"
"2015-09-16 09:18:49.493921","8-5016_2015","Response"
"2015-09-16 10:06:40.784069","8-5016_2015","Response"
"2015-09-16 18:36:30.115973","73-3618_2015","Assigned to analyst"
"2015-09-17 02:18:03.701903","8-5016_2015","Close"
"2015-09-17 06:23:45.467565","9-8945_2015","Response"
"2015-09-17 07:47:41.030246","13-3351_2015","Assigned to analyst"
"2015-09-18 10:01:28.882179","73-3618_2015","Response"
"2015-09-19 00:34:12.812276","76-8251_2015","Assigned to analyst"
"2015-09-19 01:11:29.467300","76-8251_2015","Response"
"2015-09-19 05:51:59.672701","76-8251_2015","Response"
"2015-09-19 11:25:56.865298","76-8251_2015","Response"
"2015-09-19 12:20:50.136043","73-3618_2015","Response"
"2015-09-19 19:12:19.458442","76-8251_2015","Response"
"2015-09-19 19:54:41.202692","0-6574_2015","Close"
"2015-09-19 22:50:49.258558","76-8251_2015","Response"
"2015-09-20 02:03:53.714682","73-3618_2015","Response"
"2015-09-20 03:21:39.085164","76-8251_2015","Response"
"2015-09-20 10:09:17.885692","76-8251_2015","Response"
"2015-09-20 10:57:34.605043","73-3618_2015","Response"
"2015-09-20 11:47:29.703205","76-8251_2015","Response"
"2015-09-20 17:24:09.624391","76-8251_2015","Response"
"2015-09-20 22:07:52.253357","13-3351_2015","Response"
"2015-09-21 05:08:01.759993","73-3618_2015","Response"
"2015-09-21 12:01:25.635750","62-3410_2015","Close"
"2015-09-21 17:44:58.610033","13-3351_2015","Response"
"2015-09-22 06:21:03.150885","82-4965_2015","Close"
"2015-09-22 08:46:28.819299","13-3351_2015","Response"
"2015-09-22 10:36:19.456000","77-1386_2015","Assigned to analyst"
"2015-09-24 14:41:57.719319","77-1386_2015","Response"
"2015-09-24 18:05:00.059104","13-3351_2015","Response"
"2015-09-25 06:37:00.343010","76-8251_2015","Close"
"2015-09-26 07:48:12.757061","13-3351_2015","Response"
"2015-09-26 18:26:01.787460","57-9046_2015","Assigned to analyst"
"2015-09-27 01:43:51.740810","57-9046_2015","Response"
"2015-09-28 01:44:21.997036","77-1386_2015","Response"
"2015-09-28 08:24:55.784500","57-9046_2015","Response"
"2015-09-28 19:22:33.548212","77-1386_2015","Response"
"2015-09-28 22:27:20.911185","77-1386_2015","Response"
"2015-09-28 23:07:43.337114","57-9046_2015","Response"
"2015-09-29 06:01:11.228937","57-9046_2015","Response"
"2015-09-29 11:40:04.111666","77-1386_2015","Response"
"2015-09-29 16:16:14.600951","77-1386_2015","Response"
"2015-09-30 04:57:52.117335","15-3666_2015","Assigned to analyst"
"2015-09-30 07:29:00.392394","15-3666_2015","Response"
"2015-09-30 13:23:37.343808","77-1386_2015","Response"
"2015-09-30 19:55:37.892443","57-9046_2015","Response"
"2015-10-01 00:36:04.940371","15-3666_2015","Close"
"2015-10-01 10:51:38.708739","50-4011_2015","Assigned to analyst"
"2015-10-01 14:57:49.805691","77-1386_2015","Response"
"2015-10-01 22:43:36.005153","13-3351_2015","Response"
"2015-10-02 08:38:35.000820","77-1386_2015","Response"
"2015-10-02 16:10:38.870823","50-4011_2015","Response"
"2015-10-03 04:49:35.300787","50-4011_2015","Response"
"2015-10-04 09:27:44.260049","13-3351_2015","Response"
"2015-10-04 15:11:09.617528","57-9046_2015","Response"
"2015-10-05 02:35:41.132939","26-1473_2015","Assigned to analyst"
"2015-10-05 09:22:51.892014","13-3351_2015","Response"
"2015-10-05 12:46:47.086637","50-4011_2015","Response"
"2015-10-06 04:05:27.077539","27-7638_2015","Assigned to analyst"
"2015-10-06 08:13:44.001523","77-1386_2015","Response"
"2015-10-06 08:20:35.971106","27-7638_2015","Response"
"2015-10-06 08:38:10.186595","13-3351_2015","Response"
"2015-10-06 12:09:56.420272","57-9046_2015","Response"
"2015-10-07 07:31:25.879367","26-1473_2015","Response"
"2015-10-07 19:46:12.525671","50-4011_2015","Response"
"2015-10-08 13:30:23.731497","53-5899_2015","Assigned to analyst"
"2015-10-08 16:52:51.967635","53-5899_2015","Response"
"2015-10-08 19:07:41.540200","53-5899_2015","Response"
"2015-10-09 00:44:59.348823","53-5899_2015","Response"
"2015-10-09 03:31:31.676307","53-5899_2015","Response"
"2015-10-09 06:52:00.772878","27-7638_2015","Response"
"2015-10-10 11:58:48.243172","27-7638_2015","Response"
"2015-10-10 14:40:02.795880","50-4011_2015","Response"
"2015-10-10 19:32:34.609850","77-1386_2015","Response"
"2015-10-11 11:08:32.587344","73-3618_2015","Close"
"2015-10-11 16:14:41.352534","27-7638_2015","Response"
"2015-10-11 21:17:57.518512","61-4390_2015","Close"
"2015-10-11 22:41:11.869358","26-1473_2015","Response"
"2015-10-12 14:18:13.316411","50-4011_2015","Response"
"2015-10-12 18:50:07.264007","53-5899_2015","Close"
"2015-10-12 23:16:20.417404","57-9046_2015","Close"
"2015-10-13 18:40:27.015179","87-6515_2015","Assigned to analyst"
"2015-10-13 22:23:54.144201","50-4011_2015","Response"
"2015-10-14 03:30:36.639704","26-1473_2015","Response"
"2015-10-14 14:43:50.043380","87-6515_2015","Response"
"2015-10-14 15:26:10.847746","87-6515_2015","Response"
"2015-10-14 23:52:07.162571","87-6515_2015","Response"
"2015-10-15 02:51:07.156741","50-4011_2015","Response"
"2015-10-15 14:56:10.283255","87-6515_2015","Response"
"2015-10-15 19:48:41.078849","50-4011_2015","Response"
"2015-10-15 21:42:02.692880","87-6515_2015","Response"
"2015-10-16 01:18:26.974978","26-1473_2015","Response"
"2015-10-16 04:17:28.444120","26-1473_2015","Response"
"2015-10-16 15:15:45.751467","87-6515_2015","Response"
"2015-10-16 20:50:21.382314","87-6515_2015","Response"
"2015-10-18 13:41:48.266615","87-6515_2015","Response"
"2015-10-19 01:24:47.314439","87-6515_2015","Response"
"2015-10-19 11:17:18.497809","27-7638_2015","Close"
"2015-10-25 00:48:33.764324","87-6515_2015","Close"
"2015-10-25 12:30:40.940137","41-3575_2015","Assigned to analyst"
"2015-10-25 18:12:26.537174","41-3575_2015","Response"
"2015-10-25 22:21:52.419708","10-4896_2015","Assigned to analyst"
"2015-10-25 22:38:44.540260","41-3575_2015","Response"
"2015-10-26 01:14:39.354343","41-3575_2015","Response"
"2015-10-26 03:14:10.448207","41-3575_2015","Response"
"2015-10-26 03:38:34.466240","41-3575_2015","Response"
"2015-10-26 04:05:43.062514","10-4896_2015","Response"
"2015-10-26 07:37:49.731896","41-3575_2015","Response"
"2015-10-26 08:43:25.011761","41-3575_2015","Response"
"2015-10-27 09:13:15.759174","41-3575_2015","Close"
"2015-10-27 14:36:44.822798","10-4896_2015","Response"
"2015-10-28 00:21:32.313837","32-4054_2015","Assigned to analyst"
"2015-10-28 06:59:31.213652","10-4896_2015","Response"
"2015-10-29 18:41:12.381462","32-4054_2015","Response"
"2015-11-02 00:07:21.622735","94-9475_2015","Assigned to analyst"
"2015-11-03 00:46:11.684534","23-1269_2015","Assigned to analyst"
"2015-11-03 07:22:04.160405","23-1269_2015","Response"
"2015-11-03 14:07:25.645953","23-1269_2015","Response"
"2015-11-04 20:34:37.065859","23-1269_2015","Response"
"2015-11-04 23:22:17.577053","95-9415_2015","Assigned to analyst"
"2015-11-05 00:42:19.086535","58-2160_2015","Assigned to analyst"
"2015-11-05 02:20:25.854687","95-9415_2015","Response"
"2015-11-05 05:56:54.927662","95-9415_2015","Response"
"2015-11-05 06:02:11.467428","10-4896_2015","Close"
"2015-11-05 07:01:34.186622","95-9415_2015","Response"
"2015-11-05 07:41:38.643251","25-6580_2015","Assigned to analyst"
"2015-11-05 10:45:31.733889","94-9475_2015","Response"
"2015-11-05 13:26:10.545192","25-6580_2015","Response"
"2015-11-05 14:29:04.656259","25-6580_2015","Response"
"2015-11-05 19:05:09.384973","58-2160_2015","Response"
"2015-11-05 19:19:49.525424","9-8945_2015","Close"
"2015-11-06 01:58:10.473027","58-2160_2015","Response"
"2015-11-06 09:57:06.733550","21-5942_2015","Assigned to analyst"
"2015-11-06 19:06:08.302576","21-5942_2015","Response"
"2015-11-07 01:52:29.696264","58-2160_2015","Response"
"2015-11-07 13:06:02.478325","21-5942_2015","Response"
"2015-11-07 14:44:30.316083","21-5942_2015","Response"
"2015-11-07 18:41:43.361526","94-9475_2015","Response"
"2015-11-08 00:02:07.620514","23-1269_2015","Response"
"2015-11-08 06:19:43.008036","94-9475_2015","Response"
"2015-11-08 21:25:14.113146","25-6580_2015","Close"
"2015-11-09 12:51:02.438961","58-2160_2015","Response"
"2015-11-09 17:16:32.597604","26-1473_2015","Close"
"2015-11-10 00:26:22.248765","58-2160_2015","Response"
"2015-11-10 11:44:48.571759","58-2160_2015","Response"
"2015-11-11 12:31:24.698910","23-1269_2015","Response"
"2015-11-12 01:25:10.961782","94-9475_2015","Response"
"2015-11-12 03:52:18.711470","23-1269_2015","Response"
"2015-11-12 08:41:35.743452","13-3351_2015","Close"
"2015-11-13 08:54:40.831800","95-9415_2015","Close"
"2015-11-13 23:41:25.988945","94-9475_2015","Response"
"2015-11-14 00:37:22.752948","32-4054_2015","Close"
"2015-11-14 10:13:11.827303","94-9475_2015","Response"
"2015-11-15 22:26:21.149262","21-5942_2015","Close"
"2015-11-15 23:18:48.335423","23-1269_2015","Response"
"2015-11-16 14:53:17.942562","23-1269_2015","Response"
"2015-11-19 14:47:01.144096","23-1269_2015","Response"
"2015-11-20 03:00:07.865428","23-1269_2015","Response"
"2015-11-21 05:06:24.835030","11-4673_2015","Assigned to analyst"
"2015-11-21 08:39:44.821809","11-4673_2015","Response"
"2015-11-21 11:26:28.813525","11-4673_2015","Response"
"2015-11-21 12:00:01.416445","11-4673_2015","Response"
"2015-11-21 12:16:14.456331","97-6451_2015","Assigned to analyst"
"2015-11-21 20:39:53.133468","11-4673_2015","Response"
"2015-11-21 22:42:47.083998","11-4673_2015","Response"
"2015-11-22 00:47:41.566862","11-4673_2015","Response"
"2015-11-22 01:25:24.048502","11-4673_2015","Response"
"2015-11-22 02:30:16.301609","11-4673_2015","Response"
"2015-11-22 10:52:46.859166","50-4011_2015","Close"
"2015-11-22 19:42:36.224333","97-6451_2015","Response"
"2015-11-22 21:56:18.299532","89-7197_2015","Assigned to analyst"
"2015-11-23 01:56:16.781367","89-7197_2015","Response"
"2015-11-23 08:01:59.277344","89-7197_2015","Response"
"2015-11-23 10:15:56.729907","89-7197_2015","Response"
"2015-11-23 12:37:47.841780","89-7197_2015","Response"
"2015-11-23 14:38:04.411193","89-7197_2015","Response"
"2015-11-23 20:42:48.353276","89-7197_2015","Response"
"2015-11-23 22:24:28.956372","89-7197_2015","Response"
"2015-11-25 09:13:58.564115","11-4673_2015","Close"
"2015-11-26 11:39:51.222293","97-6451_2015","Response"
"2015-11-28 20:59:03.799833","58-2160_2015","Close"
"2015-11-29 17:20:54.175636","97-6451_2015","Response"
"2015-11-30 18:24:02.521253","94-9475_2015","Close"
"2015-12-01 12:10:14.257423","97-6451_2015","Response"
"2015-12-01 21:09:12.253255","43-732_2015","Assigned to analyst"
"2015-12-02 11:27:58.951838","6-1117_2015","Assigned to analyst"
"2015-12-02 11:33:54.449405","89-7197_2015","Close"
"2015-12-02 12:37:17.458824","6-1117_2015","Response"
"2015-12-02 14:06:23.640572","6-1117_2015","Response"
"2015-12-02 17:30:26.615219","97-6451_2015","Response"
"2015-12-02 18:17:28.797746","6-1117_2015","Response"
"2015-12-03 21:21:57.511196","43-732_2015","Response"
"2015-12-04 08:44:15.890164","97-6451_2015","Response"
"2015-12-04 10:46:05.195319","97-6451_2015","Response"
"2015-12-05 16:19:26.132665","6-1117_2015","Close"
"2015-12-05 23:56:16.625167","97-6451_2015","Response"
"2015-12-06 02:32:06.926348","31-4819_2015","Assigned to analyst"
"2015-12-06 02:57:46.854224","31-4819_2015","Response"
"2015-12-07 09:10:16.122449","97-6451_2015","Response"
"2015-12-10 10:36:10.920758","77-1386_2015","Close"
"2015-12-11 16:25:01.289889","98-3351_2015","Assigned to analyst"
"2015-12-12 02:59:27.501736","31-4819_2015","Close"
"2015-12-13 09:13:25.214189","98-3351_2015","Response"
"2015-12-14 03:25:18.836024","98-3351_2015","Response"
"2015-12-14 09:36:53.438872","98-3351_2015","Response"
"2015-12-14 14:23:04.521324","43-732_2015","Close"
"2015-12-15 04:01:56.386091","98-3351_2015","Response"
"2015-12-16 05:44:12.551775","98-3351_2015","Response"
"2015-12-16 15:32:23.237101","98-3351_2015","Response"
"2015-12-18 01:59:59.436018","81-846_2015","Assigned to analyst"
"2015-12-18 04:45:29.423837","84-3196_2015","Assigned to analyst"
"2015-12-19 14:12:11.014993","84-3196_2015","Response"
"2015-12-19 23:24:48.434303","81-846_2015","Response"
"2015-12-20 03:30:00.766045","24-2726_2015","Assigned to analyst"
"2015-12-20 03:48:52.407549","24-2726_2015","Response"
"2015-12-20 12:48:18.547915","81-846_2015","Response"
"2015-12-21 10:30:14.169620","81-846_2015","Response"
"2015-12-22 03:42:13.806024","81-846_2015","Response"
"2015-12-22 03:44:04.644357","91-680_2015","Assigned to analyst"
"2015-12-22 23:04:31.363495","81-846_2015","Response"
"2015-12-23 01:49:06.951118","84-3196_2015","Response"
"2015-12-23 04:43:16.490804","33-558_2015","Assigned to analyst"
"2015-12-23 05:43:05.941984","91-680_2015","Response"
"2015-12-23 07:02:30.581892","81-846_2015","Response"
"2015-12-23 18:59:29.144774","24-2726_2015","Response"
"2015-12-23 21:10:34.845975","84-3196_2015","Response"
"2015-12-24 00:44:40.328396","33-558_2015","Response"
"2015-12-25 13:30:11.569707","98-3351_2015","Close"
"2015-12-25 18:33:01.952090","91-680_2015","Response"
"2015-12-26 00:54:28.059990","24-2726_2015","Response"
"2015-12-26 03:24:55.010410","24-2726_2015","Response"
"2015-12-26 07:49:05.358301","70-619_2015","Assigned to analyst"
"2015-12-26 09:07:10.170206","70-619_2015","Response"
"2015-12-26 10:53:37.024563","70-619_2015","Response"
"2015-12-26 12:10:58.681964","70-619_2015","Response"
"2015-12-26 12:42:26.065834","70-619_2015","Response"
"2015-12-27 02:59:43.941536","33-558_2015","Response"
"2015-12-27 09:32:53.218622","24-2726_2015","Response"
"2015-12-27 12:07:15.389375","84-3196_2015","Response"
"2015-12-27 17:27:35.400237","91-680_2015","Response"
"2015-12-28 06:52:09.131443","33-558_2015","Response"
"2015-12-29 05:14:03.402890","24-2726_2015","Response"
"2015-12-29 05:30:02.399152","33-558_2015","Response"
"2015-12-29 06:30:12.945015","91-680_2015","Response"
"2015-12-29 21:13:21.608613","33-558_2015","Response"
"2015-12-30 01:02:44.255506","42-8491_2015","Assigned to analyst"
"2015-12-30 02:00:15.710867","84-3196_2015","Response"
"2015-12-30 16:05:07.876194","24-2726_2015","Response"
"2015-12-30 17:09:24.399041","91-680_2015","Response"
"2015-12-30 19:21:14.231063","33-558_2015","Response"
"2016-01-01 08:59:21.103564","24-2726_2015","Response"
"2016-01-02 04:59:02.574733","84-3196_2015","Response"
"2016-01-02 09:11:40.652019","23-1269_2015","Close"
"2016-01-02 16:14:28.726994","84-3196_2015","Response"
"2016-01-02 22:03:19.262488","42-8491_2015","Response"
"2016-01-04 10:41:20.055338","70-619_2015","Close"
"2016-01-10 16:06:55.837942","91-680_2015","Close"
"2016-01-16 21:51:14.361646","24-2726_2015","Close"
"2016-01-17 20:31:35.022339","81-846_2015","Close"
"2016-02-05 13:30:24.932382","42-8491_2015","Close"
"2016-02-07 04:57:52.166469","33-558_2015","Close"
"2016-02-18 16:07:08.014306","84-3196_2015","Close"
"2016-02-23 20:43:03.357660","97-6451_2015","Close"
